Date,close,composite,position,daily_ret,portfolio,rf_signal,xgb_signal
2022-04-19,421.12969970703125,0.046330153900433414,0.0,0.0,100000.0,0.0973065792611299,0.002636075
2022-04-20,420.8173828125,-0.01795511471203441,0.0,-0.0,100000.0,-0.002353319443976154,-0.031328082
2022-04-21,414.524658203125,0.01532562431151844,0.0,-0.0,100000.0,0.012167543394561109,0.01803255
2022-04-22,403.1504821777344,0.04222396920249433,0.0,-0.0,100000.0,0.04955242546338573,0.035942435
2022-04-25,405.48779296875,-0.032885656501126216,0.0,0.0,100000.0,-0.06727533451195145,-0.0034087896
2022-04-26,393.7445068359375,-0.0032489751365939634,0.0,-0.0,100000.0,0.005175244317566718,-0.010469735
2022-04-27,394.85162353515625,-0.032096683255574125,0.0,0.0,100000.0,-0.05732812327355696,-0.010469735
2022-04-28,404.82537841796875,-0.0036943942153726287,0.0,0.0,100000.0,-0.00402759955948534,-0.0034087896
2022-04-29,389.86474609375,0.05378983045093105,0.0,-0.0,100000.0,0.0746117915016653,0.035942435
2022-05-02,392.2115783691406,-0.014169905091080055,0.0,0.0,100000.0,-0.022748800708484118,-0.006816566
2022-05-03,394.00946044921875,0.01683186204439426,0.0,0.0,100000.0,0.04044595567000958,-0.0034087896
2022-05-04,406.0081787109375,0.020720576064114715,0.0,0.0,100000.0,0.009245957369973967,0.030555964
2022-05-05,391.5774841308594,0.015701978056282373,0.0,-0.0,100000.0,0.041973612777467806,-0.006816566
2022-05-06,389.240234375,-0.024190971262808704,0.0,-0.0,100000.0,-0.044461110747229526,-0.006816566
2022-05-09,376.77783203125,-0.005992674697105713,0.0,-0.0,100000.0,-0.0007694380635420717,-0.010469735
2022-05-10,377.64837646484375,-0.004121184854920575,0.0,0.0,100000.0,-0.0009765735301385803,-0.006816566
2022-05-11,371.6490478515625,0.07554045185460524,0.0,-0.0,100000.0,0.11405215866893592,0.042530417
2022-05-12,371.26104736328125,0.011797378218684908,0.0,-0.0,100000.0,0.0335136464626733,-0.006816566
2022-05-13,380.1370849609375,-0.002990304004578747,0.0,0.0,100000.0,-0.03389547954476152,0.023499846
2022-05-16,378.5947265625,0.07829522232687958,0.0,-0.0,100000.0,0.12002082802553032,0.042530417
2022-05-17,386.3824462890625,0.03066793234867306,0.0,0.0,100000.0,0.04694657354287285,0.016714811
2022-05-18,370.8068542480469,0.06321369510840287,0.0,-0.0,100000.0,0.08337616543862858,0.045931578
2022-05-19,368.5357666015625,-0.017947513805114904,0.0,-0.0,100000.0,-0.030933619588892958,-0.006816566
2022-05-20,368.69659423828125,0.002012777197137054,0.0,0.0,100000.0,0.012313677582652949,-0.006816566
2022-05-23,375.594970703125,0.04865404789200388,0.0,0.0,100000.0,0.06348426262398976,0.035942435
2022-05-24,372.7277526855469,0.06024724239999232,0.0,-0.0,100000.0,0.06042491385278487,0.060094953
2022-05-25,376.02081298828125,0.022281349740667,0.0,0.0,100000.0,0.016600104429516038,0.027150989
2022-05-26,383.5342102050781,-0.01304121284849748,0.0,0.0,100000.0,-0.024279039931255852,-0.0034087896
2022-05-27,392.9495849609375,0.0034111230026250376,0.0,0.0,100000.0,-0.028257857596587,0.030555964
2022-05-31,390.7447814941406,-0.030289307375585887,0.0,-0.0,100000.0,-0.0355333813061095,-0.025794387
2022-06-01,387.58428955078125,-0.047132369367331485,0.0,-0.0,100000.0,-0.058051966022228674,-0.037772715
2022-06-02,394.9651794433594,-0.01574161893890706,0.0,0.0,100000.0,-0.007986833996182163,-0.022388577
2022-06-03,388.48321533203125,-0.023424123047620073,0.0,-0.0,100000.0,-0.036514346159959854,-0.012203932
2022-06-06,389.666015625,0.061865831650499636,0.0,0.0,100000.0,0.07987514603198465,0.046429276
2022-06-07,393.4037780761719,0.07511724753293204,0.0,0.0,100000.0,0.16462108228018962,-0.0016003251
2022-06-08,389.12664794921875,0.050718278680215514,0.0,-0.0,100000.0,0.06437774216493186,0.039010167
2022-06-09,379.8721618652344,0.047056056655456584,0.0,-0.0,100000.0,0.052507590711303787,0.042383313
2022-06-10,368.8575439453125,-0.0013735145960764518,0.0,-0.0,100000.0,-0.006171253956833045,0.0027388334
2022-06-13,354.8526306152344,-0.02150045316701178,0.0,-0.0,100000.0,-0.03863165487300285,-0.006816566
2022-06-14,353.7833557128906,-0.04518452291670413,0.0,-0.0,100000.0,-0.0856851092060053,-0.010469735
2022-06-15,358.8269348144531,0.023499227907936147,0.0,0.0,100000.0,0.04090322148582087,0.008581519
2022-06-16,346.95123291015625,0.041423720520143176,0.0,-0.0,100000.0,0.043848446875522196,0.039345384
2022-06-17,347.69915771484375,-0.020676619833285854,0.0,0.0,100000.0,-0.03684668264993002,-0.006816566
2022-06-21,356.4520568847656,0.05015234893790309,0.0,0.0,100000.0,0.0769872693568609,0.027150989
2022-06-22,355.80584716796875,0.026830837816568674,0.0,-0.0,100000.0,0.06982079048577977,-0.010017693
2022-06-23,359.29364013671875,-0.007730525608179319,0.0,0.0,100000.0,-0.044165959685896095,0.023499846
2022-06-24,370.7169494628906,0.04667989483060212,0.0,0.0,100000.0,0.051520951783595836,0.042530417
2022-06-27,369.30096435546875,-0.03325832790847921,0.0,-0.0,100000.0,-0.04593970343025516,-0.022388577
2022-06-28,361.7550048828125,0.01944324826339187,0.0,-0.0,100000.0,-0.010068610448289383,0.044739127
2022-06-29,361.46038818359375,0.03465908460573193,0.0,-0.0,100000.0,0.06110751960977229,0.011988997
2022-06-30,358.5238037109375,0.08406663774949355,0.0,-0.0,100000.0,0.12797689257980477,0.046429276
2022-07-01,362.3157958984375,-0.012054029233028795,0.0,0.0,100000.0,-0.01816440301603972,-0.006816566
2022-07-05,363.0000305175781,0.000760408416933443,0.0,0.0,100000.0,0.02838346333671049,-0.022916496
2022-07-06,364.2259826660156,-0.00811800588838515,0.0,0.0,100000.0,-0.00963635243597849,-0.006816566
2022-07-07,369.6810302734375,0.027949973645806446,0.0,0.0,100000.0,0.006390787021816058,0.046429276
2022-07-08,369.376953125,0.056021749279822,0.0,-0.0,100000.0,0.049301175760730453,0.06178224
2022-07-11,365.15740966796875,-0.020718540425712847,0.0,-0.0,100000.0,-0.019351716469227398,-0.021890104
2022-07-12,361.9261474609375,0.05425367533546409,0.0,-0.0,100000.0,0.06535398154120042,0.044739127
2022-07-13,360.02532958984375,0.029031857205395212,0.0,-0.0,100000.0,0.05030916740307145,0.010794163
2022-07-14,359.1510925292969,-0.011922188775300262,0.0,-0.0,100000.0,-0.017878748690961233,-0.006816566
2022-07-15,366.0126953125,-0.024385749247397927,0.0,0.0,100000.0,-0.03621262085229776,-0.014248431
2022-07-18,362.9905700683594,0.06983073911779088,0.0,-0.0,100000.0,0.08849156019136062,0.05383575
2022-07-19,372.7982482910156,0.08385385309277536,0.0,0.0,100000.0,0.09470733677354337,0.07455087
2022-07-20,375.17413330078125,0.0652683738909889,0.0,0.0,100000.0,0.08257153518589788,0.050437093
2022-07-21,378.9946594238281,-0.010271549768822677,0.0,0.0,100000.0,-0.013073336269872837,-0.0078700185
2022-07-22,375.47833251953125,0.013996667130260276,0.0,-0.0,100000.0,-0.008874273296016477,0.03360033
2022-07-25,375.93438720703125,-0.005944808325013054,0.0,0.0,100000.0,-0.00023250116423217948,-0.010841072
2022-07-26,371.4867858886719,0.061038734953829735,0.0,-0.0,100000.0,0.08673873075776267,0.039010167
2022-07-27,381.1329345703125,0.0858670826633951,0.0,0.0,100000.0,0.1318778565599248,0.046429276
2022-07-28,385.91326904296875,0.054789180328183015,0.0,0.0,100000.0,0.08358642326568966,0.03010583
2022-07-29,391.5393981933594,0.04315415147697849,0.0,0.0,100000.0,0.06655105718113813,0.02309966
2022-08-01,390.3798828125,-0.01837937880014807,0.0,-0.0,100000.0,-0.012940878718959936,-0.02304095
2022-08-02,387.804443359375,0.007691603636531969,0.0,-0.0,100000.0,0.00423522832745582,0.010654211
2022-08-03,393.8773193359375,0.05970133888906671,0.0,0.0,100000.0,0.06283393854304092,0.057016253
2022-08-04,393.6112060546875,0.03197039555153975,0.0,-0.0,100000.0,0.048602829506566914,0.017714024
2022-08-05,392.9458923339844,0.06553299101183939,0.0,-0.0,100000.0,0.1291816124251678,0.01097703
2022-08-08,392.48974609375,0.06418552497893547,0.0,-0.0,100000.0,0.08962143874550804,0.042383313
2022-08-09,390.93109130859375,0.04665583651452727,0.0,-0.0,100000.0,0.09518950789415681,0.0050555468
2022-08-11,399.14227294921875,0.038975437861997045,0.0,0.0,100000.0,0.050812834661890405,0.028829098
2022-08-12,405.8993225097656,0.005048740697859604,0.0,0.0,100000.0,0.021017676311808398,-0.008638918
2022-08-15,407.5719909667969,0.0064878356071472985,0.0,0.0,100000.0,0.029426779862213315,-0.013174117
2022-08-16,408.37030029296875,-0.01238499391036907,0.0,0.0,100000.0,-0.03001012736467823,0.0027222633
2022-08-17,405.4716796875,-0.014102390532770414,0.0,-0.0,100000.0,-0.015185376774275061,-0.013174117
2022-08-18,406.650146484375,-0.010464835459297935,0.0,0.0,100000.0,-0.00932716790602911,-0.011439979
2022-08-19,401.1855773925781,0.0710214615020141,0.0,-0.0,100000.0,0.10084207061245715,0.04546094
2022-08-22,392.8319091796875,0.031035849675132843,0.0,-0.0,100000.0,0.04029473661047256,0.02309966
2022-08-23,391.8815612792969,-0.014215691063230219,0.0,-0.0,100000.0,-0.0339959696356662,0.0027388334
2022-08-24,393.13604736328125,0.10879464843931037,0.5,0.0,100000.0,0.14874572669103592,0.07455087
2022-08-25,398.68609619140625,0.09522827054891499,0.0,0.006308687272953668,100630.86872729537,0.11935190792851258,0.07455087
2022-08-26,385.1909484863281,0.08855863523323285,0.0,-0.00075,100555.39557574988,0.10490103141120127,0.07455087
2022-08-29,382.6440124511719,0.008629927305203256,0.0,-0.0,100555.39557574988,0.022675097068429073,-0.0034087896
2022-08-30,378.44342041015625,0.013777539610908832,0.0,-0.0,100555.39557574988,0.037803996145825136,-0.006816566
2022-08-31,375.5638122558594,0.03417955247901893,0.0,-0.0,100555.39557574988,0.08200835736006368,-0.006816566
2022-09-01,376.7422180175781,0.03416083552848913,0.0,0.0,100555.39557574988,0.06002797994241288,0.011988997
2022-09-02,372.7696838378906,-0.004017910658661007,0.0,-0.0,100555.39557574988,-0.0007528127715761834,-0.006816566
2022-09-06,371.36322021484375,0.04568067641645141,0.0,-0.0,100555.39557574988,0.05704195776029275,0.035942435
2022-09-07,378.03472900390625,0.01651024085379695,0.0,0.0,100555.39557574988,0.043724848838749386,-0.006816566
2022-09-08,380.50567626953125,0.04308290694152786,0.0,0.0,100555.39557574988,0.06167014503138124,0.027150989
2022-09-09,386.41693115234375,-0.009226677708794425,0.0,0.0,100555.39557574988,-0.007776444588867615,-0.010469735
2022-09-12,390.5699462890625,0.027345336229381692,0.0,0.0,100555.39557574988,0.049236456182286226,0.008581519
2022-09-13,373.5870361328125,-0.01906858139061917,0.0,-0.0,100555.39557574988,-0.01519525264155841,-0.022388577
2022-09-14,375.0126037597656,-0.036559034802356075,0.0,0.0,100555.39557574988,-0.06699655162491785,-0.010469735
2022-09-15,370.7549743652344,0.03887804379914114,0.0,-0.0,100555.39557574988,0.07422398925009838,0.008581519
2022-09-16,367.9264221191406,0.018626442300552336,0.0,-0.0,100555.39557574988,0.048309951973386056,-0.006816566
2022-09-19,370.7797546386719,-0.01082626060675237,0.0,0.0,100555.39557574988,-0.01124220753444316,-0.010469735
2022-09-20,366.52374267578125,0.04721427096328528,0.0,-0.0,100555.39557574988,0.07062143374518898,0.027150989
2022-09-21,360.1301574707031,0.008671275896272094,0.0,-0.0,100555.39557574988,0.026740424764112203,-0.006816566
2022-09-22,357.1051940917969,0.02090132224430325,0.0,-0.0,100555.39557574988,0.035274425881282934,0.008581519
2022-09-23,351.1219482421875,-0.001764136163735275,0.0,-0.0,100555.39557574988,0.00015462621906225937,-0.0034087896
2022-09-26,347.6484375,-0.03983088890670188,0.0,-0.0,100555.39557574988,-0.07408556885100043,-0.010469735
2022-09-27,346.7608947753906,-0.015175016635948191,0.0,-0.0,100555.39557574988,-0.024926542389031747,-0.006816566
2022-09-28,353.58392333984375,0.030977708345627197,0.0,0.0,100555.39557574988,0.02518552694017362,0.035942435
2022-09-29,346.1978454589844,-0.0034738818583294542,0.0,-0.0,100555.39557574988,0.00042591629580884804,-0.006816566
2022-09-30,340.844482421875,-0.030327239385781996,0.0,-0.0,100555.39557574988,-0.05775635834700499,-0.006816566
2022-10-03,349.84320068359375,-0.01129913614766426,0.0,0.0,100555.39557574988,-0.020504540412783878,-0.0034087896
2022-10-04,360.68365478515625,0.0614592663725423,0.0,0.0,100555.39557574988,0.08354292345779957,0.042530417
2022-10-05,359.8438720703125,-0.01300311341531875,0.0,-0.0,100555.39557574988,0.0019200389411359597,-0.025794387
2022-10-06,356.13177490234375,-0.00518781810609903,0.0,-0.0,100555.39557574988,-0.038656760098055465,0.023499846
2022-10-07,346.1978454589844,0.02307621712411488,0.0,-0.0,100555.39557574988,0.014349846333307659,0.030555964
2022-10-10,343.5545959472656,-0.026302932636724282,0.0,-0.0,100555.39557574988,-0.04477499693271564,-0.010469735
2022-10-11,341.37884521484375,0.06261483773006819,0.0,-0.0,100555.39557574988,0.10001685764620649,0.030555964
2022-10-12,340.2528381347656,0.04121591998844609,0.0,-0.0,100555.39557574988,0.09725382029715585,-0.006816566
2022-10-13,349.2324523925781,0.07738997216681212,0.0,0.0,100555.39557574988,0.08099348972832893,0.07430124
2022-10-14,341.27386474609375,0.022668253606622352,0.0,-0.0,100555.39557574988,0.0059020562203135896,0.03703928
2022-10-17,350.0435791015625,0.05476436075107531,0.0,0.0,100555.39557574988,0.07544362169996166,0.03703928
2022-10-18,354.156494140625,0.06477233834569576,0.0,0.0,100555.39557574988,0.08675322578609651,0.045931578
2022-10-19,351.6467590332031,0.03289457325913879,0.0,-0.0,100555.39557574988,0.021652755045425298,0.042530417
2022-10-20,348.69805908203125,0.00217594353902325,0.0,-0.0,100555.39557574988,0.00575866869940328,-0.00089496374
2022-10-21,357.17193603515625,0.008817962546122651,0.0,0.0,100555.39557574988,0.02705824583878841,-0.006816566
2022-10-24,361.5424499511719,-0.019368130956653663,0.0,0.0,100555.39557574988,0.006073503539076985,-0.041175246
2022-10-25,367.3158264160156,0.038691985193402875,0.0,0.0,100555.39557574988,0.06082309593519353,0.019722462
2022-10-26,364.54840087890625,0.012250273480257349,0.0,-0.0,100555.39557574988,-0.03997670317604601,0.057016253
2022-10-27,362.60174560546875,-0.044129876496874804,0.0,-0.0,100555.39557574988,-0.10804464529492552,0.010654211
2022-10-28,371.228271484375,0.019521404832716475,0.0,0.0,100555.39557574988,0.01928683848703966,0.019722462
2022-10-31,368.54681396484375,0.01488148283872764,0.0,-0.0,100555.39557574988,0.015551547962557755,0.014307141
2022-11-01,366.93402099609375,0.024844483633132762,0.0,-0.0,100555.39557574988,0.031140610458254114,0.019447803
2022-11-02,357.7254943847656,0.040047453793387554,0.0,-0.0,100555.39557574988,0.06748068504573773,0.016533256
2022-11-03,354.0419616699219,0.006321575312699236,0.0,-0.0,100555.39557574988,0.021649406833037677,-0.006816566
2022-11-04,359.1377258300781,0.04159921318701095,0.0,0.0,100555.39557574988,0.058455475229927945,0.027150989
2022-11-07,362.5730895996094,0.08089945794659814,0.0,0.0,100555.39557574988,0.11643888397305124,0.050437093
2022-11-08,364.5293273925781,0.08624617786137519,0.0,0.0,100555.39557574988,0.1324963154098513,0.046603203
2022-11-09,357.019287109375,0.037459962781334254,0.0,-0.0,100555.39557574988,0.05815371404237818,0.019722462
2022-11-10,376.6390075683594,0.003621647992966477,0.0,0.0,100555.39557574988,-0.01910270036755457,0.02309966
2022-11-11,380.2842712402344,0.01763201006492912,0.0,0.0,100555.39557574988,0.04129312970097232,-0.0026489496
2022-11-14,377.0492248535156,0.003926726195691743,0.0,-0.0,100555.39557574988,0.035389015438692994,-0.02304095
2022-11-15,380.26513671875,0.05063820124881683,0.0,0.0,100555.39557574988,0.02077534320590202,0.07623494
2022-11-16,377.36419677734375,0.013855457924082186,0.0,-0.0,100555.39557574988,0.05292726690397759,-0.019634664
2022-11-17,376.2095642089844,0.06953960728881448,0.0,-0.0,100555.39557574988,0.1378626143586138,0.01097703
2022-11-18,377.9176940917969,0.060435514648906105,0.0,0.0,100555.39557574988,0.08641962094472055,0.038163424
2022-11-21,376.5435791015625,0.049959975052730816,0.0,-0.0,100555.39557574988,0.0969747981089909,0.009661555
2022-11-22,381.6106872558594,0.11592072103272553,0.5,0.0,100555.39557574988,0.194819735321831,0.048292994
2022-11-23,384.01544189453125,0.06311986408648174,0.0,0.0024007957179662818,100796.80853886656,0.15051885165476908,-0.011793554
2022-11-25,383.9295349121094,0.04796794274974321,0.0,-0.00075,100721.21093246242,0.07411816691999618,0.025553465
2022-11-28,377.8031921386719,0.10501161690183951,0.5,-0.0,100721.21093246242,0.17118334303824462,0.048292994
2022-11-29,377.15423583984375,0.017771784096154798,0.0,-0.0016088549704338089,100559.16511162561,0.03458326842710574,0.0033619404
2022-11-30,389.0348815917969,0.10428098946322104,0.5,-0.00075,100483.74573779189,0.17846748137410862,0.040692568
2022-12-01,388.74859619140625,0.0330879388173444,0.0,-0.0011179430996254563,100371.4106276198,0.08831370328797727,-0.014248431
2022-12-02,388.3000793457031,0.0453254526709693,0.0,-0.00075,100296.13206964909,0.07125554310145155,0.02309966
2022-12-05,381.3148193359375,0.032549612013593424,0.0,-0.0,100296.13206964909,0.04357455501047047,0.02309966
2022-12-06,375.81829833984375,0.05517087452569333,0.0,-0.0,100296.13206964909,0.05726744557166008,0.053373814
2022-12-07,375.1789245605469,0.09152991390562452,0.0,-0.0,100296.13206964909,0.1278338111314064,0.060412288
2022-12-08,378.1180419921875,0.11134443091058806,0.5,0.0,100296.13206964909,0.15427025537880423,0.07455087
2022-12-09,375.29345703125,0.14917054824052353,0.5,-0.004485057108166073,99846.29818958856,0.23622684292699775,0.07455087
2022-12-12,380.7041320800781,0.02558197817084709,0.0,0.007208592299515648,100566.04944585315,0.0680755362434648,-0.010841072
2022-12-13,383.5860290527344,0.04920654898334325,0.0,-0.00075,100490.62490876875,0.07891885153259526,0.023738861
2022-12-14,381.133544921875,0.037952471936123396,0.0,-0.0,100490.62490876875,0.0822648470827107,-2.9563904e-05
2022-12-15,371.8103942871094,0.018568696884844773,0.0,-0.0,100490.62490876875,0.03629085918448749,0.003378272
2022-12-16,367.4206848144531,-0.013164770936422638,0.0,-0.0,100490.62490876875,0.0014180474213609795,-0.02566433
2022-12-19,364.3051452636719,0.03432175756942971,0.0,-0.0,100490.62490876875,0.06472559792941257,0.008261323
2022-12-20,364.80364990234375,0.03351128763464636,0.0,0.0,100490.62490876875,0.0942738398323425,-0.0185709
2022-12-21,370.25836181640625,0.04134902980344281,0.0,0.0,100490.62490876875,0.11522975422180065,-0.021977305
2022-12-22,364.97613525390625,0.04604627985652939,0.0,-0.0,100490.62490876875,0.10543712954662993,-0.0048601627
2022-12-23,367.0756530761719,-0.017383318107793814,0.0,0.0,100490.62490876875,-0.025449165453366285,-0.010469735
2022-12-27,365.62811279296875,0.06337978360546072,0.0,-0.0,100490.62490876875,0.08512721612619312,0.044739127
2022-12-28,361.0840759277344,0.08143130234966915,0.0,-0.0,100490.62490876875,0.15693387521169772,0.016714811
2022-12-29,367.583740234375,0.04150487609747517,0.0,0.0,100490.62490876875,0.09787989186671886,-0.006816566
2022-12-30,366.615478515625,0.03127732007924137,0.0,-0.0,100490.62490876875,0.0734377166958392,-0.0048601627
2023-01-03,365.072021484375,-0.00268150594939422,0.0,-0.0,100490.62490876875,0.0021427307651685212,-0.006816566
2023-01-04,367.8905029296875,0.04186717547856364,0.0,0.0,100490.62490876875,0.08070044122218045,0.008581519
2023-01-05,363.6916198730469,0.032881190775179,0.0,-0.0,100490.62490876875,0.0612308076981804,0.008581519
2023-01-06,372.0318298339844,0.012253515618861805,0.0,0.0,100490.62490876875,0.034501944163056575,-0.006816566
2023-01-09,371.8209228515625,0.04183204563915744,0.0,-0.0,100490.62490876875,0.04870325774282247,0.035942435
2023-01-10,374.428466796875,0.04658233709326273,0.0,0.0,100490.62490876875,0.047341556405824936,0.045931578
2023-01-11,379.16412353515625,0.0022781104808807275,0.0,0.0,100490.62490876875,0.016118154634284954,-0.0095847845
2023-01-12,380.54461669921875,-0.004196537965739541,0.0,0.0,100490.62490876875,0.006784728062705525,-0.013609052
2023-01-13,382.0208740234375,-0.04256734594442212,0.0,0.0,100490.62490876875,-0.08502253141931515,-0.006177187
2023-01-17,381.32122802734375,-0.01732678054597323,0.0,-0.0,100490.62490876875,-0.02635910925723195,-0.0095847845
2023-01-18,375.30078125,0.011805319023901749,0.0,-0.0,100490.62490876875,0.03676043981083049,-0.0095847845
2023-01-19,372.5686950683594,0.017118983373359563,0.0,-0.0,100490.62490876875,0.03389582497694499,0.0027388334
2023-01-20,379.5093078613281,0.009561202471808599,0.0,0.0,100490.62490876875,0.03733910787264971,-0.014248431
2023-01-23,384.06280517578125,0.03897173464716955,0.0,0.0,100490.62490876875,0.057489154049885416,0.02309966
2023-01-24,383.6506042480469,0.012230596865332465,0.0,-0.0,100490.62490876875,0.015227812036294475,0.009661555
2023-01-25,383.79437255859375,0.06478099701931916,0.0,0.0,100490.62490876875,0.08401699995945056,0.048292994
2023-01-26,388.01251220703125,-0.02868089316954155,0.0,0.0,100490.62490876875,-0.026294569344502694,-0.030726314
2023-01-27,388.9039611816406,-0.010645146361244414,0.0,0.0,100490.62490876875,-0.009907334626761577,-0.011277556
2023-01-30,384.0245361328125,0.0023531453759228303,0.0,-0.0,100490.62490876875,-0.021851122704482473,0.02309966
2023-01-31,389.67095947265625,0.006877607733682684,0.0,0.0,100490.62490876875,-0.0077876206572210505,0.019447803
2023-02-01,393.8122863769531,-0.016309527232058398,0.0,0.0,100490.62490876875,-0.018714139819062114,-0.014248431
2023-02-02,399.5450744628906,-0.0050364909811044115,0.0,0.0,100490.62490876875,-0.01261679194307852,0.0014609098
2023-02-03,395.2982482910156,0.020105548968722478,0.0,-0.0,100490.62490876875,0.01673689277975604,0.022992969
2023-02-06,392.8824462890625,-0.006001360003614184,0.0,-0.0,100490.62490876875,-0.039952551026812666,0.02309966
2023-02-07,398.0207214355469,0.09798321659161954,0.0,0.0,100490.62490876875,0.15595514236610136,0.048292994
2023-02-08,393.6684875488281,0.010489143699000926,0.0,-0.0,100490.62490876875,0.02102208319714971,0.0014609098
2023-02-09,390.2557373046875,0.06262037089662481,0.0,-0.0,100490.62490876875,0.0734080210420116,0.053373814
2023-02-10,391.16644287109375,0.06037724272364887,0.0,0.0,100490.62490876875,0.06800898467071959,0.05383575
2023-02-13,395.7583312988281,-0.00023738714281906862,0.0,0.0,100490.62490876875,0.012133578063854789,-0.010841072
2023-02-14,395.57623291015625,0.05333143773963749,0.0,-0.0,100490.62490876875,0.04507044610510119,0.060412288
2023-02-15,396.8608093261719,-0.012192191285199489,0.0,0.0,100490.62490876875,-0.05336601880358083,0.02309966
2023-02-16,391.3965148925781,0.0629720427970589,0.0,-0.0,100490.62490876875,0.06992046367702398,0.057016253
2023-02-17,390.418701171875,-0.0514775039006959,0.0,-0.0,100490.62490876875,-0.09491142260111002,-0.014248431
2023-02-21,382.5865783691406,-0.011459039883475708,0.0,-0.0,100490.62490876875,-0.003943624442914406,-0.017900825
2023-02-22,382.0592956542969,-0.016009308829078164,0.0,-0.0,100490.62490876875,-0.05737593987653622,0.019447803
2023-02-23,384.0916442871094,0.005913268032158636,0.0,0.0,100490.62490876875,0.020764741058533043,-0.006816566
2023-02-24,379.98858642578125,0.01643023099376565,0.0,-0.0,100490.62490876875,0.025587061505118136,0.008581519
2023-02-27,381.28277587890625,-0.04397899409287927,0.0,0.0,100490.62490876875,-0.0830731300877181,-0.010469735
2023-02-28,379.87359619140625,0.07996342726274706,0.0,-0.0,100490.62490876875,0.1236352720532432,0.042530417
2023-03-01,378.4164733886719,-0.0005984378891829014,0.0,-0.0,100490.62490876875,0.0066560448956263785,-0.006816566
2023-03-02,381.3594970703125,-0.01343781137674333,0.0,0.0,100490.62490876875,-0.025138336742455192,-0.0034087896
2023-03-03,387.4756774902344,-0.018823922213486825,0.0,0.0,100490.62490876875,-0.02857047434903448,-0.010469735
2023-03-06,387.74407958984375,-0.012472710477048343,0.0,0.0,100490.62490876875,-0.03778199008232097,0.009220958
2023-03-07,381.8004455566406,-0.02350586464806741,0.0,-0.0,100490.62490876875,-0.03974712481176934,-0.0095847845
2023-03-08,382.42364501953125,-0.013302151501618979,0.0,0.0,100490.62490876875,-0.03845953839119293,0.008261323
2023-03-09,375.367919921875,0.013220714846986958,0.0,-0.0,100490.62490876875,0.015031280642847145,0.011668801
2023-03-10,369.9515686035156,0.01404015132623667,0.0,-0.0,100490.62490876875,0.03837298819570212,-0.006816566
2023-03-13,369.42425537109375,-0.028375440128619974,0.0,-0.0,100490.62490876875,-0.05352745995648728,-0.006816566
2023-03-14,375.5309143066406,-0.041094227988919346,0.0,0.0,100490.62490876875,-0.08108483365380259,-0.006816566
2023-03-15,373.1822204589844,0.038604171206259724,0.0,-0.0,100490.62490876875,0.03773942336210806,0.039345384
2023-03-16,379.729736328125,-0.02069464941600114,0.0,0.0,100490.62490876875,-0.03688574674581313,-0.006816566
2023-03-17,375.2897033691406,0.011238519828671995,0.0,-0.0,100490.62490876875,-0.0030663612393849182,0.023499846
2023-03-20,378.8984069824219,-0.0068723288631063525,0.0,0.0,100490.62490876875,-0.006937385547874431,-0.006816566
2023-03-21,383.87353515625,-0.0009172303110068275,0.0,0.0,100490.62490876875,0.009194916251861918,-0.0095847845
2023-03-22,377.32977294921875,0.014336703602967451,0.0,-0.0,100490.62490876875,0.024280743300661656,0.005813241
2023-03-23,378.349853515625,-0.029216218402052328,0.0,0.0,100490.62490876875,-0.033360088754170014,-0.02566433
2023-03-24,380.8325500488281,0.0020161018873688596,0.0,0.0,100490.62490876875,-0.0063895632927503665,0.009220958
2023-03-27,381.5447082519531,-0.03523279152198087,0.0,0.0,100490.62490876875,-0.06515546637191516,-0.0095847845
2023-03-28,380.688232421875,0.0273519702688542,0.0,-0.0,100490.62490876875,0.04850481820046787,0.009220958
2023-03-29,386.22149658203125,0.016701338448443962,0.0,0.0,100490.62490876875,0.06615006441178362,-0.025683284
2023-03-30,388.4829406738281,0.02363466304460818,0.0,0.0,100490.62490876875,0.025738338736950528,0.021831512
2023-03-31,393.9585266113281,-0.004531853988758302,0.0,0.0,100490.62490876875,-0.0124874970540223,0.0022872686
2023-04-03,395.45965576171875,-0.03707592617745652,0.0,0.0,100490.62490876875,-0.08427249078383198,0.003378272
2023-04-04,393.26556396484375,-0.011164026149333565,0.0,-0.0,100490.62490876875,-0.054001099028003485,0.025553465
2023-04-05,392.23590087890625,0.026732039621769156,0.0,-0.0,100490.62490876875,0.07167856531455846,-0.011793554
2023-04-06,393.76593017578125,0.0748603420666897,0.0,0.0,100490.62490876875,0.1323850321067136,0.025553465
2023-04-10,394.170166015625,0.06687651119980688,0.0,0.0,100490.62490876875,0.11508673189513413,0.025553465
2023-04-11,394.2760009765625,0.022331077946378942,0.0,0.0,100490.62490876875,0.01857162651270694,0.025553465
2023-04-12,392.6689758300781,0.03454314986318853,0.0,-0.0,100490.62490876875,0.045031115665794375,0.025553465
2023-04-13,397.88470458984375,0.007003617181545443,0.0,0.0,100490.62490876875,-0.009584073453453301,0.021221638
2023-04-14,396.91265869140625,-0.0111773662512907,0.0,-0.0,100490.62490876875,-0.009505034911803267,-0.012610793
2023-04-17,398.33697509765625,0.0018430126002160127,0.0,0.0,100490.62490876875,-0.007278620538124503,0.009661555
2023-04-18,398.5967102050781,0.05216338694753101,0.0,0.0,100490.62490876875,0.08320829601520308,0.025553465
2023-04-19,398.5294189453125,0.0437764544791842,0.0,-0.0,100490.62490876875,0.06503660900045166,0.025553465
2023-04-20,396.35455322265625,0.031442921350915636,0.0,-0.0,100490.62490876875,0.03831395388920311,0.025553465
2023-04-21,396.6625061035156,-0.006570798045830177,0.0,0.0,100490.62490876875,-0.06050753668342551,0.039660692
2023-04-24,397.07635498046875,0.03328011043120197,0.0,0.0,100490.62490876875,0.045590528008398135,0.022728324
2023-04-25,390.7731628417969,0.033329401003673154,0.0,-0.0,100490.62490876875,0.025990876329542556,0.039619565
2023-04-26,389.1180419921875,-0.03258251554223205,0.0,-0.0,100490.62490876875,-0.03266108745316659,-0.03251517
2023-04-27,396.8646240234375,0.058264389473337855,0.0,0.0,100490.62490876875,0.08171551639765601,0.038163424
2023-04-28,400.251953125,0.08828258296251486,0.0,0.0,100490.62490876875,0.1635835918208004,0.023738861
2023-05-01,399.8477783203125,0.06176629146686481,0.0,-0.0,100490.62490876875,0.10613162691355865,0.023738861
2023-05-02,395.3537902832031,0.040367944501474774,0.0,-0.0,100490.62490876875,0.10037423587743749,-0.01106602
2023-05-03,392.6401062011719,0.012776248336639007,0.0,-0.0,100490.62490876875,0.014068269870426586,0.011668801
2023-05-04,389.8590087890625,0.05027459052366377,0.0,-0.0,100490.62490876875,0.09929006933025303,0.008261323
2023-05-05,397.07635498046875,0.042450282052347785,0.0,0.0,100490.62490876875,0.08233740097573505,0.008261323
2023-05-08,397.1821594238281,0.08236623800946784,0.0,0.0,100490.62490876875,0.15076484442253185,0.023738861
2023-05-09,395.4403991699219,0.056380660027870094,0.0,-0.0,100490.62490876875,0.13270573466650498,-0.0090408325
2023-05-10,397.2879943847656,0.07478448733565682,0.0,0.0,100490.62490876875,0.15069351064398412,0.00971961
2023-05-11,396.5951232910156,0.03811746660220289,0.0,-0.0,100490.62490876875,0.08262233552588294,-2.9563904e-05
2023-05-12,396.0755310058594,0.05049829458077654,0.0,-0.0,100490.62490876875,0.08171763366036738,0.023738861
2023-05-15,397.4419860839844,0.02011440912543326,0.0,0.0,100490.62490876875,0.029343021173546147,0.01220417
2023-05-16,394.7860107421875,0.04733449514093804,0.0,-0.0,100490.62490876875,0.09319426258401159,0.008026123
2023-05-17,399.57830810546875,0.09714505143442867,0.0,0.0,100490.62490876875,0.1292425756276126,0.06963289
2023-05-18,403.42755126953125,0.0422503317754678,0.0,0.0,100490.62490876875,0.08476027100774575,0.005813241
2023-05-19,402.84051513671875,0.038469730039942904,0.0,-0.0,100490.62490876875,0.08338557297431964,-2.9563904e-05
2023-05-22,403.00408935546875,0.023340561422846094,0.0,0.0,100490.62490876875,0.050605707637276565,-2.9563904e-05
2023-05-23,398.48126220703125,0.07479306296988453,0.0,-0.0,100490.62490876875,0.11582881058966721,0.039619565
2023-05-24,395.5943298339844,0.03033430798377463,0.0,-0.0,100490.62490876875,0.056086123827159884,0.008261323
2023-05-25,399.02020263671875,0.053503364392045796,0.0,0.0,100490.62490876875,0.07139996205485655,0.038163424
2023-05-26,404.18780517578125,0.09206443121961241,0.0,0.0,100490.62490876875,0.15097939004849942,0.041565895
2023-05-30,404.3417053222656,0.03445710468964626,0.0,0.0,100490.62490876875,0.04696172222958511,0.023738861
2023-05-31,402.0995178222656,0.04439348649251627,0.0,-0.0,100490.62490876875,0.07010273590102156,0.022356987
2023-06-01,405.9198913574219,0.028616995868257056,0.0,0.0,100490.62490876875,0.062037982269000314,-2.9563904e-05
2023-06-02,411.7900085449219,0.04230065913678885,0.0,0.0,100490.62490876875,0.06793009081128876,0.020332575
2023-06-05,411.0008544921875,0.004534282232645456,0.0,-0.0,100490.62490876875,0.011349610701071378,-0.0013074279
2023-06-06,411.8958740234375,0.004631710631073765,0.0,0.0,100490.62490876875,0.01837397343110314,-0.007147372
2023-06-07,410.47161865234375,0.010790481036066998,0.0,-0.0,100490.62490876875,0.035693506440699074,-0.010554969
2023-06-08,412.954345703125,-0.02089777867299098,0.0,0.0,100490.62490876875,-0.009458691947862696,-0.03070271
2023-06-09,413.6954040527344,0.0025276455776102047,0.0,0.0,100490.62490876875,0.013815165815265429,-0.007147372
2023-06-12,417.44830322265625,-0.04861853022534259,0.0,0.0,100490.62490876875,-0.06952032031129118,-0.03070271
2023-06-13,420.2005310058594,0.01509793574569845,0.0,0.0,100490.62490876875,0.04502632497823389,-0.010554969
2023-06-14,420.7009582519531,-0.01606693993345003,0.0,0.0,100490.62490876875,0.011930646673910639,-0.04006487
2023-06-15,425.9166259765625,-0.01013759327917497,0.0,0.0,100490.62490876875,-0.01115964549922216,-0.0092615485
2023-06-16,424.46588134765625,-0.018212175879955377,0.0,-0.0,100490.62490876875,0.007282635456482389,-0.04006487
2023-06-20,422.26361083984375,-0.024474651517449427,0.0,-0.0,100490.62490876875,-0.006286061758088046,-0.04006487
2023-06-21,420.10009765625,-0.00693267043498247,0.0,-0.0,100490.62490876875,0.026036005998862854,-0.035191536
2023-06-22,421.6164855957031,-0.00844821003803934,0.0,0.0,100490.62490876875,-0.014479893248083242,-0.0032781959
2023-06-23,418.4291076660156,0.00266563149352972,0.0,-0.0,100490.62490876875,-0.015267308757071107,0.018036723
2023-06-26,416.719482421875,-0.00741203404292059,0.0,-0.0,100490.62490876875,-0.06233021467712141,0.039660692
2023-06-27,421.2880859375,0.01818826789335704,0.0,0.0,100490.62490876875,-0.009085630491720564,0.041565895
2023-06-28,421.5006408691406,-0.011465899273544612,0.0,0.0,100490.62490876875,-0.02729332738821222,0.0021004677
2023-06-29,423.1619567871094,-0.04652425575565601,0.0,0.0,100490.62490876875,-0.06673065170322351,-0.029204488
2023-06-30,428.15545654296875,-0.012666573666636587,0.0,0.0,100490.62490876875,-0.01687935939437113,-0.0090556145
2023-07-03,428.64813232421875,0.00032569311840103545,0.0,0.0,100490.62490876875,0.009044268820312229,-0.007147372
2023-07-05,428.0106506347656,0.01850208791619003,0.0,-0.0,100490.62490876875,0.029880263710735544,0.008749366
2023-07-06,424.6590270996094,0.011643326918215903,0.0,-0.0,100490.62490876875,0.015019614881791599,0.008749366
2023-07-07,423.5868835449219,0.007802298728424734,0.0,-0.0,100490.62490876875,0.006649266320695402,0.008790612
2023-07-10,424.6590270996094,0.02526666551056355,0.0,0.0,100490.62490876875,0.0795374409687139,-0.021251142
2023-07-11,427.3634948730469,0.007448619847917184,0.0,0.0,100490.62490876875,0.049164576860021736,-0.028307915
2023-07-12,430.8019714355469,-0.015606059001746268,0.0,0.0,100490.62490876875,-0.03403732077433208,0.00019216537
2023-07-13,434.2212829589844,-0.03204523559512424,0.0,0.0,100490.62490876875,-0.039099026834505224,-0.025999129
2023-07-14,433.9508361816406,-0.01590254320382533,0.0,-0.0,100490.62490876875,-0.004123193320024254,-0.025999129
2023-07-17,435.45751953125,-0.035479599754636215,0.0,0.0,100490.62490876875,-0.052230574814498665,-0.021121621
2023-07-18,438.6932678222656,0.05414418886480311,0.0,0.0,100490.62490876875,0.048982935870535704,0.05856812
2023-07-19,439.6688232421875,-0.021056900297607567,0.0,0.0,100490.62490876875,-0.04584747691536489,0.00019216537
2023-07-21,436.7518310546875,-0.05441187206988076,0.0,-0.0,100490.62490876875,-0.1073275059347335,-0.0090556145
2023-07-24,438.70294189453125,-0.04256031233925344,0.0,0.0,100490.62490876875,-0.08269596289456449,-0.008158326
2023-07-25,439.9006042480469,0.0027322848073099756,0.0,0.0,100490.62490876875,-0.015074911504836364,0.017995596
2023-07-26,439.9682312011719,-0.025267639617017817,0.0,0.0,100490.62490876875,-0.06495414594454813,0.008749366
2023-07-27,437.05126953125,-0.07211580086252016,0.0,-0.0,100490.62490876875,-0.12591858491386304,-0.025999129
2023-07-28,441.3301696777344,-0.023434512627068683,0.0,0.0,100490.62490876875,-0.061030491616206994,0.008790612
2023-07-31,442.17047119140625,-0.05749822804019635,0.0,0.0,100490.62490876875,-0.09424717713216146,-0.025999129
2023-08-01,440.9051818847656,-0.07752142899395807,0.0,-0.0,100490.62490876875,-0.11414559548282488,-0.046129286
2023-08-02,434.7718200683594,-0.013069458281824323,0.0,-0.0,100490.62490876875,-0.03852475305162889,0.008749366
2023-08-03,433.52581787109375,-0.04236527854823749,0.0,-0.0,100490.62490876875,-0.03581649639558104,-0.04797852
2023-08-04,431.56512451171875,0.06419251221467394,0.0,-0.0,100490.62490876875,0.09455978233721751,0.038163424
2023-08-07,435.3320007324219,0.049779251882598505,0.0,0.0,100490.62490876875,0.08707074716673197,0.017815113
2023-08-08,433.43890380859375,0.06885177874491259,0.0,-0.0,100490.62490876875,0.16208921007155275,-0.01106602
2023-08-09,430.541259765625,0.004587132623484245,0.0,-0.0,100490.62490876875,0.02936735841614946,-0.01665306
2023-08-10,430.69580078125,0.022936985855118244,0.0,0.0,100490.62490876875,-0.0011552178954737924,0.043587446
2023-08-11,430.4446105957031,0.02388113511224875,0.0,-0.0,100490.62490876875,0.020171170506318004,0.027061105
2023-08-14,432.8206787109375,0.025725170862744014,0.0,0.0,100490.62490876875,0.046099660064926884,0.008261323
2023-08-15,427.7788391113281,0.023098158892672655,0.0,-0.0,100490.62490876875,0.09783728333593378,-0.040963948
2023-08-16,424.6397399902344,-0.02804654549382758,0.0,-0.0,100490.62490876875,-0.03479931129464542,-0.02225846
2023-08-17,421.4039611816406,-0.0164623896443422,0.0,-0.0,100490.62490876875,-0.010028321248400196,-0.021977305
2023-08-18,421.6068115234375,-0.004627358777063158,0.0,0.0,100490.62490876875,-0.0023466405298282478,-0.00658226
2023-08-21,424.3499755859375,-0.019195165281441693,0.0,0.0,100490.62490876875,-0.015949335128782438,-0.021977305
2023-08-22,423.2005615234375,0.0018236675951791895,0.0,-0.0,100490.62490876875,0.03315240986183071,-0.02502954
2023-08-23,427.9140319824219,0.008455983528756513,0.0,0.0,100490.62490876875,0.0295634191036927,-0.009636104
2023-08-24,421.98358154296875,-0.01705825057867272,0.0,-0.0,100490.62490876875,-2.5703599321080794e-05,-0.031657577
2023-08-25,424.9584045410156,-0.02366992630992066,0.0,0.0,100490.62490876875,-0.03930164439750794,-0.010271311
2023-08-28,427.65325927734375,0.009813553294797734,0.0,0.0,100490.62490876875,0.010504914756678863,0.009220958
2023-08-29,433.8348693847656,0.03421585562320367,0.0,0.0,100490.62490876875,0.0656027834157043,0.0073127747
2023-08-30,435.6217956542969,-0.0045601652215863445,0.0,0.0,100490.62490876875,-0.0004474262390250505,-0.00808537
2023-08-31,434.98431396484375,-0.009874574764659994,0.0,-0.0,100490.62490876875,-0.011961980249017956,-0.00808537
2023-09-01,435.795654296875,0.009926036511698945,0.0,0.0,100490.62490876875,0.030939344183093076,-0.00808537
2023-09-05,433.9121398925781,0.009902005381749518,0.0,-0.0,100490.62490876875,0.012922774559220307,0.0073127747
2023-09-06,430.99517822265625,0.04109716274310654,0.0,-0.0,100490.62490876875,0.07543025108443957,0.011668801
2023-09-07,429.6719665527344,0.0033041710397403367,0.0,-0.0,100490.62490876875,-0.004228489736212426,0.009760737
2023-09-08,430.319091796875,-0.021972551968636064,0.0,0.0,100490.62490876875,-0.031482967295621056,-0.013820767
2023-09-11,433.1491394042969,0.00445802324276278,0.0,0.0,100490.62490876875,-0.0017284766296637999,0.009760737
2023-09-12,430.77301025390625,0.019770701553916054,0.0,-0.0,100490.62490876875,0.017366422173784257,0.021831512
2023-09-13,431.2752685546875,-0.0372651677644506,0.0,0.0,100490.62490876875,-0.0515400667507005,-0.02502954
2023-09-14,434.99395751953125,-0.03530330529591435,0.0,0.0,100490.62490876875,-0.06705756306673571,-0.00808537
2023-09-15,429.7530212402344,-0.01055636829356995,0.0,-0.0,100490.62490876875,-0.024587096010427356,0.0014699697
2023-09-18,430.00506591796875,-0.04060929283893853,0.0,0.0,100490.62490876875,-0.05180001664518935,-0.031017244
2023-09-19,429.1132507324219,0.07044470456026865,0.0,-0.0,100490.62490876875,0.10635938562978858,0.039660692
2023-09-20,425.16827392578125,0.04520853985218402,0.0,-0.0,100490.62490876875,0.06907392239452492,0.024752498
2023-09-21,418.1409912109375,-0.019111088752606153,0.0,-0.0,100490.62490876875,-0.011465641180369968,-0.02566433
2023-09-22,417.20074462890625,-0.06710940824349132,0.0,-0.0,100490.62490876875,-0.07239595542879945,-0.06257808
2023-09-25,418.9551696777344,-0.00372057443338051,0.0,0.0,100490.62490876875,0.01757894504201679,-0.021977305
2023-09-26,412.8001708984375,-0.004289049303741335,0.0,-0.0,100490.62490876875,0.012373109799169169,-0.0185709
2023-09-27,412.9649353027344,-0.08638910090691276,0.0,0.0,100490.62490876875,-0.1141686228662126,-0.06257808
2023-09-28,415.359130859375,-0.01576157743959205,0.0,0.0,100490.62490876875,-0.012484034495174046,-0.0185709
2023-09-29,414.3509826660156,-0.03894799531994348,0.0,-0.0,100490.62490876875,-0.060755551787672946,-0.020255804
2023-10-02,414.18621826171875,-0.010444015206266033,0.0,-0.0,100490.62490876875,-0.03288622187869278,0.008792162
2023-10-03,408.64190673828125,-0.011678666245850712,0.0,-0.0,100490.62490876875,-0.015630449658444567,-0.008291423
2023-10-04,411.61767578125,-0.046244397789672397,0.0,0.0,100490.62490876875,-0.08818553146316938,-0.010294855
2023-10-05,411.4625549316406,0.009669342011329816,0.0,-0.0,100490.62490876875,0.028657290473832808,-0.0066060424
2023-10-06,416.3477478027344,-0.00878197831410792,0.0,0.0,100490.62490876875,0.006612569967107407,-0.021977305
2023-10-09,419.0133056640625,-0.05244540596715046,0.0,0.0,100490.62490876875,-0.0860260104491456,-0.02366203
2023-10-10,421.1942443847656,-0.07583638080012019,0.0,0.0,100490.62490876875,-0.09363290108684996,-0.06058222
2023-10-11,422.9195251464844,-0.012030290022889297,0.0,0.0,100490.62490876875,-0.0163923011753615,-0.008291423
2023-10-12,420.34124755859375,0.011312812666029015,0.0,-0.0,100490.62490876875,0.017756377872343465,0.005789757
2023-10-13,418.2475891113281,-0.022023872617706032,0.0,-0.0,100490.62490876875,-0.04051167254476362,-0.006177187
2023-10-16,422.64813232421875,0.009387904975544667,0.0,0.0,100490.62490876875,-0.025176963962034005,0.039014935
2023-10-17,422.6287536621094,0.0411814419814127,0.0,-0.0,100490.62490876875,0.06451057707346652,0.02118504
2023-10-18,416.9971923828125,-0.007961270044456605,0.0,-0.0,100490.62490876875,-0.024004134667042043,0.005789757
2023-10-19,413.333251953125,-0.02753849743959401,0.0,-0.0,100490.62490876875,-0.047656080704666204,-0.010294855
2023-10-20,408.2541809082031,-0.01790441318927705,0.0,-0.0,100490.62490876875,-0.01315270559575904,-0.021977305
2023-10-23,407.546630859375,-0.01418650405118585,0.0,-0.0,100490.62490876875,-0.0007957076606259772,-0.02566433
2023-10-24,410.6192626953125,-0.00781492044080178,0.0,0.0,100490.62490876875,0.004733722335538204,-0.0185709
2023-10-25,404.72601318359375,0.03803355757591107,0.0,-0.0,100490.62490876875,0.0900853449016159,-0.00658226
2023-10-26,399.8795471191406,-0.041111247863205885,0.0,-0.0,100490.62490876875,-0.05913265258666939,-0.02566433
2023-10-27,398.0669860839844,-0.04577251137132127,0.0,-0.0,100490.62490876875,-0.09519685339737405,-0.0034087896
2023-10-30,402.8262023925781,0.01707433489007468,0.0,0.0,100490.62490876875,0.026982619947121034,0.008581519
2023-10-31,405.35601806640625,0.053198895352241996,0.0,0.0,100490.62490876875,0.06564545291381557,0.042530417
2023-11-01,409.6790466308594,-0.034879034201452615,0.0,0.0,100490.62490876875,-0.047965538290133614,-0.02366203
2023-11-02,417.5303039550781,-0.04291781713313938,0.0,0.0,100490.62490876875,-0.06935683238293072,-0.020255804
2023-11-03,421.3396301269531,-0.04643664244380291,0.0,0.0,100490.62490876875,-0.06434214659261545,-0.031089067
2023-11-06,422.308837890625,-0.039967533830602295,0.0,0.0,100490.62490876875,-0.0978681378048975,0.009661555
2023-11-07,423.51080322265625,-0.019380588368747335,0.0,0.0,100490.62490876875,-0.05326308930421175,0.009661555
2023-11-08,423.8209533691406,-0.029220628697678774,0.0,0.0,100490.62490876875,-0.031013115158854132,-0.027684212
2023-11-09,420.515625,0.003110060622701744,0.0,-0.0,100490.62490876875,0.02049761081657908,-0.011793554
2023-11-10,427.0777587890625,-0.004241275044731075,0.0,0.0,100490.62490876875,-0.018827639401269136,0.008261323
2023-11-13,426.6706848144531,-0.011038033038839101,0.0,-0.0,100490.62490876875,-0.025390237953271666,0.0012638569
2023-11-14,434.94842529296875,0.05021434010663789,0.0,0.0,100490.62490876875,0.07898536119326799,0.025553465
2023-11-15,435.8692321777344,-0.0036983819136300424,0.0,0.0,100490.62490876875,0.02072386762697459,-0.024631739
2023-11-16,436.40228271484375,-0.047779676414244764,0.0,0.0,100490.62490876875,-0.05129819483513204,-0.044763803
2023-11-17,436.9451904296875,-0.021975711947732242,0.0,0.0,100490.62490876875,-0.01887701411358017,-0.024631739
2023-11-20,440.30859375,-0.02302514620133286,0.0,0.0,100490.62490876875,-0.021150788329714842,-0.024631739
2023-11-21,439.34893798828125,-0.008770386842829742,0.0,-0.0,100490.62490876875,0.009734523613708579,-0.024631739
2023-11-22,441.0451965332031,0.0028389272612781443,0.0,0.0,100490.62490876875,0.0123714590700445,-0.0053318143
2023-11-24,441.31658935546875,0.015824644408101128,0.0,0.0,100490.62490876875,0.04050717955482763,-0.0053318143
2023-11-27,440.5218505859375,0.016830666474865776,0.0,-0.0,100490.62490876875,0.06619704216069144,-0.02548337
2023-11-28,440.9579772949219,0.041302323453131694,0.0,0.0,100490.62490876875,0.09570881748572718,-0.0053318143
2023-11-29,440.6478271484375,0.0007359752455422357,0.0,-0.0,100490.62490876875,0.007815063035950032,-0.0053318143
2023-11-30,442.3828125,-0.02419542433351065,0.0,0.0,100490.62490876875,-0.022692821257457474,-0.02548337
2023-12-01,444.99993896484375,-0.03649502796845593,0.0,0.0,100490.62490876875,-0.032330210735268816,-0.04006487
2023-12-04,442.6639709472656,-0.03113280038222584,0.0,-0.0,100490.62490876875,-0.031487567395640514,-0.030828714
2023-12-05,442.5766906738281,-0.06543348074027976,0.0,-0.0,100490.62490876875,-0.06996550480673386,-0.06154889
2023-12-06,440.7932434082031,0.011978716516148374,0.0,-0.0,100490.62490876875,0.004945811501388286,0.01800692
2023-12-07,444.15667724609375,0.03400763487846642,0.0,0.0,100490.62490876875,0.10670910942621176,-0.028307915
2023-12-08,446.06610107421875,0.02741476919970038,0.0,0.0,100490.62490876875,0.04298779922620222,0.014066458
2023-12-11,447.80108642578125,0.025313481465053543,0.0,0.0,100490.62490876875,0.0384350091344674,0.014066458
2023-12-12,449.84637451171875,0.0260830992764877,0.0,0.0,100490.62490876875,0.05352766589963448,0.002559185
2023-12-13,456.0497741699219,0.044010713250781784,0.0,0.0,100490.62490876875,0.05642332785121168,0.03337133
2023-12-14,457.513427734375,0.00954912333565004,0.0,0.0,100490.62490876875,0.017704051361152884,0.002559185
2023-12-15,456.7601623535156,-0.00040505009120422414,0.0,-0.0,100490.62490876875,-0.006500233881894635,0.004819393
2023-12-18,459.3294677734375,0.013295369698591217,0.0,0.0,100490.62490876875,0.023184008995995486,0.004819393
2023-12-19,462.12255859375,0.007250735604217569,0.0,0.0,100490.62490876875,0.024167508344660527,-0.0072493553
2023-12-20,455.71881103515625,0.023267820748494518,0.0,-0.0,100490.62490876875,0.02020236163445377,0.025895357
2023-12-21,460.0398864746094,-0.02672041089979509,0.0,0.0,100490.62490876875,-0.030675782447755484,-0.023330092
2023-12-22,460.9644470214844,-0.016839607583936836,0.0,0.0,100490.62490876875,-0.014069512876692447,-0.019213974
2023-12-26,462.9108581542969,-0.02142727183426317,0.0,0.0,100490.62490876875,-0.021543538392622685,-0.021327615
2023-12-27,463.74786376953125,0.06442215388041786,0.0,0.0,100490.62490876875,0.09000242830198119,0.042496204
2023-12-28,463.9230041503906,-0.01846139470286496,0.0,0.0,100490.62490876875,-0.01511747127459323,-0.021327615
2023-12-29,462.5799560546875,-0.014066890063401297,0.0,-0.0,100490.62490876875,-0.0387693672333676,0.007106662
2024-01-02,459.9912109375,-0.04246007258322484,0.0,-0.0,100490.62490876875,-0.06433131812371545,-0.02371329
2024-01-03,456.234619140625,-0.043497176106760634,0.0,-0.0,100490.62490876875,-0.045543250899822585,-0.041743398
2024-01-04,454.76507568359375,0.014163215171186098,0.0,-0.0,100490.62490876875,-0.03173630274972261,0.05350566
2024-01-05,455.38787841796875,0.023890063269255496,0.0,0.0,100490.62490876875,0.032859084729210064,0.01620233
2024-01-08,461.8890380859375,0.05096876187352855,0.0,0.0,100490.62490876875,0.04800904843868603,0.05350566
2024-01-09,461.18829345703125,-0.01154671058953354,0.0,-0.0,100490.62490876875,0.019380256042369315,-0.03805554
2024-01-10,463.7964782714844,-0.016375953129702785,0.0,0.0,100490.62490876875,0.03398652139089808,-0.05954379
2024-01-11,463.59210205078125,0.020436347487805293,0.0,-0.0,100490.62490876875,0.08867688187660344,-0.03805554
2024-01-12,463.91326904296875,-0.010908973396992108,0.0,0.0,100490.62490876875,-0.012393987568762643,-0.009636104
2024-01-16,462.21014404296875,0.05409307589781955,0.0,-0.0,100490.62490876875,0.08987794160592022,0.023420334
2024-01-17,459.6408996582031,9.794606535900757e-05,0.0,-0.0,100490.62490876875,-0.009366190335815983,0.008210063
2024-01-18,463.7283630371094,0.039738309703509285,0.0,0.0,100490.62490876875,0.0585290856144699,0.02363193
2024-01-19,469.5093078613281,0.0070156792723109285,0.0,0.0,100490.62490876875,0.059598767409698994,-0.03805554
2024-01-22,470.501953125,-0.026366063916188003,0.0,0.0,100490.62490876875,-0.03471016826323664,-0.019213974
2024-01-23,471.8741760253906,0.032472087503525475,0.0,0.0,100490.62490876875,0.07881377079316099,-0.0072493553
2024-01-24,472.3900451660156,0.08004820132658831,0.0,0.0,100490.62490876875,0.143226519553657,0.025895357
2024-01-25,474.95928955078125,0.02791057512726317,0.0,0.0,100490.62490876875,0.068930493977926,-0.0072493553
2024-01-26,474.3559265136719,0.02311822070306564,0.0,-0.0,100490.62490876875,0.0944876071763342,-0.03805554
2024-01-29,478.11248779296875,-0.010673739685787529,0.0,0.0,100490.62490876875,-0.014668854783683849,-0.0072493553
2024-01-30,477.7427062988281,0.06149985272123344,0.0,-0.0,100490.62490876875,0.10853380034307814,0.02118504
2024-01-31,469.9472351074219,0.04020677116784286,0.0,-0.0,100490.62490876875,0.062398790310731866,0.02118504
2024-02-01,476.0979919433594,0.06389890219681284,0.0,0.0,100490.62490876875,0.08687809999927326,0.044202447
2024-02-02,481.1100769042969,0.02800460409317056,0.0,0.0,100490.62490876875,0.06913422340405867,-0.0072493553
2024-02-05,479.3582458496094,0.01471674996622843,0.0,-0.0,100490.62490876875,0.08401010641473822,-0.044677556
2024-02-06,480.7499694824219,0.0019836026285394103,0.0,0.0,100490.62490876875,0.042362484205198836,-0.032626867
2024-02-07,484.7596130371094,0.09538214557303895,0.0,0.0,100490.62490876875,0.1406947688727591,0.056542754
2024-02-08,484.97369384765625,0.006291054274774155,0.0,0.0,100490.62490876875,0.0657544324165873,-0.044677556
2024-02-09,487.7765808105469,0.05074055290057397,0.0,0.0,100490.62490876875,0.07972661463062591,0.025895357
2024-02-12,487.5624694824219,0.03969889183659931,0.0,-0.0,100490.62490876875,0.10499403360428833,-0.016268373
2024-02-13,480.84722900390625,0.03639897740560987,0.0,-0.0,100490.62490876875,0.0486532010582037,0.025895357
2024-02-14,485.2170104980469,-0.03602045831074058,0.0,0.0,100490.62490876875,-0.05958762887594865,-0.015820026
2024-02-15,488.5648498535156,-0.018483716040904336,0.0,0.0,100490.62490876875,0.0120757633992839,-0.044677556
2024-02-16,486.1319274902344,-0.03315097851655423,0.0,-0.0,100490.62490876875,-0.049410816564030124,-0.019213974
2024-02-20,483.4555358886719,-0.030714875347583576,0.0,-0.0,100490.62490876875,-0.04413259303126038,-0.019213974
2024-02-21,483.8934020996094,0.020450837007841168,0.0,0.0,100490.62490876875,0.048134708684657856,-0.0032781959
2024-02-22,493.9078369140625,0.06738545559742351,0.0,0.0,100490.62490876875,0.12905453115317206,0.014526248
2024-02-23,494.2484436035156,-0.026948314658732594,0.0,0.0,100490.62490876875,-0.006264200272677323,-0.044677556
2024-02-26,492.4382629394531,-0.03606930481513637,0.0,-0.0,100490.62490876875,-0.05573385687762478,-0.019213974
2024-02-27,493.35308837890625,0.06304968626631288,0.0,0.0,100490.62490876875,0.06827818024047355,0.05856812
2024-02-28,492.7010803222656,0.0010336070123867689,0.0,-0.0,100490.62490876875,-0.01966578140480263,0.01877594
2024-02-29,494.4722900390625,0.02719538259985796,0.0,0.0,100490.62490876875,-0.03013175224218806,0.07633293
2024-03-01,499.114501953125,-0.07139823348818317,0.0,0.0,100490.62490876875,-0.10257235773648687,-0.044677556
2024-03-04,498.5792236328125,-0.013413725755470927,0.0,-0.0,100490.62490876875,-0.00664676891501631,-0.019213974
2024-03-05,493.59637451171875,0.016777605472879518,0.0,-0.0,100490.62490876875,0.014446215259598327,0.01877594
2024-03-06,496.09759521484375,-0.047744508569498904,0.0,0.0,100490.62490876875,-0.013553064367138767,-0.07705146
2024-03-07,501.0220947265625,-0.002393992425473473,0.0,0.0,100490.62490876875,0.01722931996664484,-0.019213974
2024-03-08,498.01483154296875,-0.034842537576359904,0.0,-0.0,100490.62490876875,-0.031094035762421146,-0.03805554
2024-03-11,497.58660888671875,-0.05604816444916806,0.0,-0.0,100490.62490876875,-0.06931387481862084,-0.044677556
2024-03-12,502.93927001953125,-0.007234851764886947,0.0,0.0,100490.62490876875,0.028722616829103598,-0.03805554
2024-03-13,502.1509704589844,-0.044736308271330474,0.0,-0.0,100490.62490876875,-0.04480485309997273,-0.044677556
2024-03-14,501.1583557128906,-0.020350017857967428,0.0,-0.0,100490.62490876875,-0.040219161785549906,-0.003319323
2024-03-15,497.7170715332031,-0.025721615017438845,0.0,-0.0,100490.62490876875,-0.033313862315946796,-0.019213974
2024-03-18,500.6750183105469,0.012048080233321096,0.0,0.0,100490.62490876875,0.04846992272115608,-0.019170642
2024-03-19,503.4573974609375,0.040077750758536104,0.0,0.0,100490.62490876875,0.11147701796404136,-0.021121621
2024-03-20,508.1140441894531,-0.017294583562985737,0.0,0.0,100490.62490876875,-0.012829706399255958,-0.021121621
2024-03-21,509.7932434082031,-0.01131061576365674,0.0,0.0,100490.62490876875,0.00013555716595686773,-0.021121621
2024-03-22,508.8266906738281,-0.031145270847648333,0.0,-0.0,100490.62490876875,-0.023083291183546073,-0.03805554
2024-03-25,507.4208984375,-0.02908646428607236,0.0,-0.0,100490.62490876875,-0.038378781299276965,-0.021121621
2024-03-26,506.4837341308594,0.031898609136252296,0.0,-0.0,100490.62490876875,0.047208389863572675,0.01877594
2024-03-27,510.7400817871094,-0.003957605647161761,0.0,0.0,100490.62490876875,-0.004750250401181821,-0.0032781959
2024-03-28,510.642578125,-0.03733656594834115,0.0,-0.0,100490.62490876875,-0.056254001567526024,-0.021121621
2024-04-01,509.75408935546875,-0.06511624539681223,0.0,-0.0,100490.62490876875,-0.1298430769017062,-0.009636104
2024-04-02,506.5130310058594,-0.029323856925847325,0.0,-0.0,100490.62490876875,-0.05229290188128227,-0.009636104
2024-04-03,507.06939697265625,0.004290195609452415,0.0,0.0,100490.62490876875,-0.020051181321477374,0.025154233
2024-04-04,500.8800964355469,0.04746363076025752,0.0,-0.0,100490.62490876875,0.07349126150526702,0.025154233
2024-04-05,506.1127624511719,-0.04354761056313292,0.0,0.0,100490.62490876875,-0.038423624566399195,-0.0479396
2024-04-08,506.3958435058594,0.03865424442671134,0.0,0.0,100490.62490876875,0.07805091048110047,0.0048856735
2024-04-09,506.98162841796875,0.0376615963362846,0.0,0.0,100490.62490876875,0.09451048151952546,-0.01106602
2024-04-10,501.90509033203125,0.03821786691837875,0.0,-0.0,100490.62490876875,0.05733528046345343,0.021831512
2024-04-11,505.6929931640625,-0.05832016014389314,0.0,0.0,100490.62490876875,-0.06906270991318347,-0.04911226
2024-04-12,498.7128601074219,0.035159458318043145,0.0,-0.0,100490.62490876875,0.05070872849605962,0.021831512
2024-04-15,492.46490478515625,-0.043327932234142004,0.0,-0.0,100490.62490876875,-0.04655662191939669,-0.040560484
2024-04-16,491.5667724609375,-0.008414881681242409,0.0,-0.0,100490.62490876875,0.011143220081444472,-0.025178969
2024-04-17,488.65753173828125,0.02916171237161034,0.0,-0.0,100490.62490876875,0.08484976009576445,-0.0185709
2024-04-18,487.6520690917969,0.02012783061372068,0.0,-0.0,100490.62490876875,0.047313933607255,-0.0031745434
2024-04-19,483.3955993652344,-0.009334774923529873,0.0,-0.0,100490.62490876875,0.001440704289627337,-0.0185709
2024-04-22,487.8472900390625,-0.030883935303587795,0.0,0.0,100490.62490876875,-0.045249143200498165,-0.0185709
2024-04-23,493.6363830566406,0.01941971362465677,0.0,0.0,100490.62490876875,0.049972449658385154,-0.006768346
2024-04-24,493.402099609375,0.005104799339165249,0.0,-0.0,100490.62490876875,0.018956802039820198,-0.006768346
2024-04-25,491.5277099609375,0.00010005019356060359,0.0,-0.0,100490.62490876875,0.026073925974038292,-0.022163272
2024-04-26,496.1843566894531,-0.07471414587158896,0.0,0.0,100490.62490876875,-0.10758235778471859,-0.046541393
2024-04-29,497.94158935546875,0.0045283751250324075,0.0,0.0,100490.62490876875,0.0012799090029999016,0.0073127747
2024-04-30,490.0535888671875,0.026588535606104323,0.0,-0.0,100490.62490876875,0.02831000948781709,0.025112987
2024-05-01,488.46234130859375,-0.07050479603276966,0.0,-0.0,100490.62490876875,-0.10543982681642328,-0.040560484
2024-05-02,493.0311279296875,-0.05212666145094165,0.0,0.0,100490.62490876875,-0.08904946208772241,-0.020478547
2024-05-03,499.1424255371094,0.006686347388246318,0.0,0.0,100490.62490876875,0.00595551557329671,0.0073127747
2024-05-06,504.2969970703125,-0.0053046500168256825,0.0,0.0,100490.62490876875,-0.022251192418505206,0.009220958
2024-05-07,504.8533935546875,0.01724532991051354,0.0,0.0,100490.62490876875,0.008066397147370397,0.025112987
2024-05-08,504.9021911621094,-0.020483819328764682,0.0,0.0,100490.62490876875,-0.05572115379559578,0.00971961
2024-05-09,507.81134033203125,-0.012960493134957783,0.0,0.0,100490.62490876875,-0.001236050390125809,-0.023010015
2024-05-10,508.4655456542969,0.0006892377113296031,0.0,0.0,100490.62490876875,-0.006563967769759982,0.006906271
2024-05-13,508.53387451171875,-0.00934173377670479,0.0,0.0,100490.62490876875,-0.028297739327167837,0.006906271
2024-05-14,510.8670349121094,0.03186081158483642,0.0,0.0,100490.62490876875,0.06873399349672932,0.0002552271
2024-05-15,517.1931762695312,-0.07914638257502661,0.0,0.0,100490.62490876875,-0.11936001409131436,-0.044677556
2024-05-16,516.1290283203125,-0.07825741068082094,0.0,-0.0,100490.62490876875,-0.10104981336699842,-0.058721066
2024-05-17,516.8709106445312,-0.04840843826120187,0.0,0.0,100490.62490876875,-0.07218337778350736,-0.028029919
2024-05-20,517.4664306640625,-0.05788493738526961,0.0,0.0,100490.62490876875,-0.05690945455997054,-0.058721066
2024-05-21,518.735595703125,6.075373262409341e-05,0.0,0.0,100490.62490876875,-0.013657484248920992,0.011819243
2024-05-22,517.2418212890625,0.008844843042231647,0.0,-0.0,100490.62490876875,0.005374709255228705,0.011819243
2024-05-23,513.4638671875,-0.016418713350214297,0.0,-0.0,100490.62490876875,-0.08515278403105514,0.042496204
2024-05-24,516.8612060546875,-0.004987112445166894,0.0,0.0,100490.62490876875,-0.005828313183934397,-0.0042660832
2024-05-28,517.2223510742188,0.016831045191935397,0.0,0.0,100490.62490876875,0.033358465124976644,0.0026646852
2024-05-29,513.6005249023438,0.03588683840307467,0.0,-0.0,100490.62490876875,0.028175911434404288,0.042496204
2024-05-30,510.1934814453125,0.03703063925198066,0.0,-0.0,100490.62490876875,0.015601927375110514,0.055398107
2024-05-31,514.84033203125,0.004899685028158757,0.0,0.0,100490.62490876875,0.002705951160609843,0.0067800283
2024-06-03,515.2601928710938,0.015307132911022642,0.0,0.0,100490.62490876875,0.05122313874419693,-0.015478015
2024-06-04,515.8361206054688,0.02638009420348327,0.0,0.0,100490.62490876875,0.0700672268984559,-0.01106602
2024-06-05,521.9668579101562,0.04566029346838836,0.0,0.0,100490.62490876875,0.11184099197241693,-0.01106602
2024-06-06,521.9572143554688,-0.023048514080987115,0.0,-0.0,100490.62490876875,0.002185367645771208,-0.044677556
2024-06-07,521.3226318359375,0.04396890892172514,0.0,-0.0,100490.62490876875,0.06505471934312013,0.025895357
2024-06-10,522.9332885742188,0.037672433672602874,0.0,0.0,100490.62490876875,0.013294132954101867,0.05856812
2024-06-11,524.1927490234375,0.05152101052614403,0.0,0.0,100490.62490876875,0.04329938280344103,0.05856812
2024-06-12,528.4979858398438,0.04524159768609994,0.0,0.0,100490.62490876875,0.029693988316678854,0.05856812
2024-06-13,529.5621337890625,-0.03896361735039764,0.0,0.0,100490.62490876875,-0.0400230419395029,-0.03805554
2024-06-14,529.88427734375,-0.0753052795302389,0.0,0.0,100490.62490876875,-0.11876330999582563,-0.03805554
2024-06-17,534.1015014648438,0.002193831519721183,0.0,0.0,100490.62490876875,-0.025457948361221783,0.025895357
2024-06-18,535.4585571289062,-0.041439073826858575,0.0,0.0,100490.62490876875,-0.03766084513695028,-0.044677556
2024-06-20,534.0039672851562,-0.007653163534010224,0.0,-0.0,100490.62490876875,-0.046793104310973166,0.025895357
2024-06-21,533.2880249023438,-0.04340943985764894,0.0,-0.0,100490.62490876875,-0.04965565737188071,-0.03805554
2024-06-24,531.554443359375,-0.050768458400530736,0.0,-0.0,100490.62490876875,-0.09101855857616009,-0.016268373
2024-06-25,533.6015014648438,-0.0030993229730089836,0.0,0.0,100490.62490876875,-0.008554777926555679,0.0015767813
2024-06-26,534.2674560546875,0.010238182969153109,0.0,0.0,100490.62490876875,-0.046146743570039284,0.05856812
2024-06-27,535.1097412109375,0.0061944600317675015,0.0,0.0,100490.62490876875,-0.0549081432677081,0.05856812
2024-06-28,533.0039672851562,0.010056508523265164,0.0,-0.0,100490.62490876875,-0.04654037153612983,0.05856812
2024-07-01,534.100830078125,-0.04024890354408132,0.0,0.0,100490.62490876875,-0.06822618972051969,-0.016268373
2024-07-02,537.6953125,-0.028795988408662765,0.0,0.0,100490.62490876875,-0.051149186760715726,-0.009636104
2024-07-03,540.0948486328125,-0.035186331778974476,0.0,0.0,100490.62490876875,-0.05725728422945486,-0.016268373
2024-07-05,543.2093505859375,0.012614136617476965,0.0,0.0,100490.62490876875,-0.04099884399867093,0.05856812
2024-07-08,543.8360595703125,-0.018910312133073655,0.0,0.0,100490.62490876875,-0.029730221496939324,-0.009636104
2024-07-09,544.3650512695312,-0.01008589682443718,0.0,0.0,100490.62490876875,-0.09018224978948491,0.05856812
2024-07-10,549.7516479492188,0.018149364750538233,0.0,0.0,100490.62490876875,-0.029005849710371512,0.05856812
2024-07-11,545.0112915039062,-0.025870867966665902,0.0,-0.0,100490.62490876875,-0.04481142580305586,-0.009636104
2024-07-12,548.448974609375,-0.02669957645003369,0.0,0.0,100490.62490876875,-0.08030425802607805,0.019247293
2024-07-15,549.957275390625,-0.010590832154374662,0.0,0.0,100490.62490876875,-0.01170468154309151,-0.009636104
2024-07-16,553.2186279296875,-0.04367974854079584,0.0,0.0,100490.62490876875,-0.07565968721340116,-0.016268373
2024-07-17,545.4618530273438,-0.018471144858124677,0.0,-0.0,100490.62490876875,-0.021041045900946964,-0.016268373
2024-07-18,541.27001953125,-0.06572570320038054,0.0,-0.0,100490.62490876875,-0.10656743398786367,-0.030718505
2024-07-19,537.6757202148438,0.018684977703401974,0.0,-0.0,100490.62490876875,0.050696788127293835,-0.008753717
2024-07-22,543.2190551757812,0.017346205395289152,0.0,0.0,100490.62490876875,0.02619591803414334,0.009760737
2024-07-23,542.3670043945312,0.09876776738184154,0.0,-0.0,100490.62490876875,0.1677260217431965,0.039660692
2024-07-24,530.0755004882812,0.043896669459171485,0.0,-0.0,100490.62490876875,0.1080198066191137,-0.01106602
2024-07-25,527.313720703125,-0.06972021946946888,0.0,-0.0,100490.62490876875,-0.05900132021195592,-0.07890785
2024-07-26,533.219482421875,0.003997757675976228,0.0,0.0,100490.62490876875,-0.002725718691034662,0.009760737
2024-07-29,533.5328979492188,0.04593956094141747,0.0,0.0,100490.62490876875,0.07018911023111357,0.025154233
2024-07-30,530.8297729492188,0.008704119633063457,0.0,-0.0,100490.62490876875,0.028291857612716187,-0.00808537
2024-07-31,539.4581298828125,0.012126188676361881,0.0,0.0,100490.62490876875,0.03570634053986277,-0.00808537
2024-08-01,531.8189697265625,-0.015875970736493623,0.0,-0.0,100490.62490876875,-0.018520709607261654,-0.013609052
2024-08-02,521.9172973632812,-0.03978093464470845,0.0,-0.0,100490.62490876875,-0.04109440576841472,-0.038655102
2024-08-05,506.7171630859375,-0.08584755472092111,0.0,-0.0,100490.62490876875,-0.09394387992343572,-0.07890785
2024-08-06,511.388916015625,-0.06762519406219294,0.0,0.0,100490.62490876875,-0.09745436252855527,-0.042057335
2024-08-07,507.97076416015625,0.0248508498548725,0.0,-0.0,100490.62490876875,0.04358598575377404,0.008792162
2024-08-08,519.7136840820312,0.0023708572314780412,0.0,0.0,100490.62490876875,0.008840491279062612,-0.0031745434
2024-08-09,522.00537109375,0.06204134063393424,0.0,0.0,100490.62490876875,0.12613179927752605,0.007106662
2024-08-12,522.27978515625,0.0002599621025609946,0.0,0.0,100490.62490876875,0.024195022627753415,-0.020255804
2024-08-13,530.8688354492188,-0.013655157593938157,0.0,0.0,100490.62490876875,-0.005954403381328077,-0.020255804
2024-08-14,532.543701171875,-0.0315768408963997,0.0,0.0,100490.62490876875,-0.0627462987513831,-0.0048601627
2024-08-15,541.6715698242188,-0.054838380045594555,0.0,0.0,100490.62490876875,-0.10914316289122289,-0.008291423
2024-08-16,542.8861083984375,-0.05420629179926465,0.0,0.0,100490.62490876875,-0.08204819419958981,-0.030341804
2024-08-19,548.0767822265625,-0.0863684967408151,0.0,0.0,100490.62490876875,-0.13379440735188486,-0.045717716
2024-08-20,547.185546875,-0.015043714242503307,0.0,-0.0,100490.62490876875,-0.062407089896537926,0.025553465
2024-08-21,549.0659790039062,-0.022727353865629706,0.0,0.0,100490.62490876875,-0.03548345390813906,-0.011793554
2024-08-22,544.7567749023438,-0.034807183583052036,0.0,-0.0,100490.62490876875,-0.056949896466918115,-0.015827715
2024-08-23,550.5447998046875,0.006371695935008963,0.0,0.0,100490.62490876875,-0.024904239705765496,0.03317964
2024-08-26,549.2325439453125,-0.016303290543868313,0.0,-0.0,100490.62490876875,-0.04659561068364054,0.009661555
2024-08-27,549.9866943359375,0.02222368013695516,0.0,0.0,100490.62490876875,0.018338931258955415,0.025553465
2024-08-28,546.7938232421875,0.05356686530597349,0.0,-0.0,100490.62490876875,0.08624916579182845,0.025553465
2024-08-29,546.8427734375,0.025803867795797766,0.0,0.0,100490.62490876875,0.007414835963567679,0.041565895
2024-08-30,552.0629272460938,0.07637182893904527,0.0,0.0,100490.62490876875,0.09847796674102915,0.05742371
2024-09-03,540.7020263671875,-0.0071884909961011,0.0,-0.0,100490.62490876875,-0.01704956352733933,0.0012638569
2024-09-04,539.5952758789062,-0.01319996113233979,0.0,-0.0,100490.62490876875,-0.08016943721389075,0.044202447
2024-09-05,538.2828979492188,0.01773413640492385,0.0,-0.0,100490.62490876875,-0.010069582049992476,0.041565895
2024-09-06,529.2235717773438,0.026696054354751274,0.0,-0.0,100490.62490876875,0.03893873208111759,0.01620233
2024-09-09,535.1488647460938,-0.017042610761121204,0.0,0.0,100490.62490876875,-0.0029632082110873093,-0.02911067
2024-09-10,537.479736328125,0.0939119211611186,0.0,0.0,100490.62490876875,0.1549822849217628,0.041565895
2024-09-11,542.9937744140625,0.05315001812849037,0.0,0.0,100490.62490876875,0.07090836116763732,0.03792858
2024-09-12,547.5675659179688,-0.0073767032532772265,0.0,0.0,100490.62490876875,-0.019924174448110177,0.003378272
2024-09-13,550.4274291992188,0.023813672167262732,0.0,0.0,100490.62490876875,0.023900951764420808,0.023738861
2024-09-16,551.240234375,-0.0062898967570682056,0.0,0.0,100490.62490876875,-0.05985093548539705,0.039619565
2024-09-17,551.465576171875,-0.0326270667477979,0.0,0.0,100490.62490876875,-0.014246607835738834,-0.048381746
2024-09-18,549.8300170898438,0.003166678878243991,0.0,-0.0,100490.62490876875,-0.02083420036178646,0.023738861
2024-09-19,559.2125244140625,-0.0016798490756545488,0.0,0.0,100490.62490876875,-0.010394389234637591,0.005789757
2024-09-20,558.2459106445312,-0.01827877979671889,0.0,-0.0,100490.62490876875,-0.01718771933772023,-0.019213974
2024-09-23,559.6408081054688,-0.0040701412973763295,0.0,0.0,100490.62490876875,-0.02672000046626566,0.015344024
2024-09-24,561.2421875,0.006142085873760841,0.0,0.0,100490.62490876875,0.05770598171284047,-0.03805554
2024-09-25,560.0042724609375,0.01292498733423106,0.0,-0.0,100490.62490876875,0.036461720426356425,-0.0072493553
2024-09-26,562.2244873046875,0.05758475353842027,0.0,0.0,100490.62490876875,0.10286170273493661,0.01877594
2024-09-27,561.4090576171875,-0.04531829280932135,0.0,-0.0,100490.62490876875,-0.07330741717191541,-0.021327615
2024-09-30,563.6588745117188,-0.04815434668690483,0.0,0.0,100490.62490876875,-0.07945220057334629,-0.021327615
2024-10-01,558.609375,-0.05712143067605699,0.0,-0.0,100490.62490876875,-0.06297030596788766,-0.05210811
2024-10-02,558.8451538085938,0.0023876429053416516,0.0,0.0,100490.62490876875,-0.033536354603378005,0.03317964
2024-10-03,557.8234252929688,0.09280956014385147,0.0,-0.0,100490.62490876875,0.13409305101810925,0.05742371
2024-10-04,562.892578125,0.058821116359902885,0.0,0.0,100490.62490876875,0.07748480110273676,0.042823672
2024-10-07,557.8037719726562,0.03308745654018713,0.0,-0.0,100490.62490876875,0.07372843492477454,-0.0017476678
2024-10-08,563.0792236328125,0.0059272481512750415,0.0,0.0,100490.62490876875,-0.01367400693144355,0.022728324
2024-10-09,566.9793090820312,0.07233518727109989,0.0,0.0,100490.62490876875,0.16963659521162522,-0.01106602
2024-10-10,565.987060546875,0.04319719264772571,0.0,-0.0,100490.62490876875,0.07168865413843173,0.01877594
2024-10-11,569.3764038085938,0.015357691622517067,0.0,0.0,100490.62490876875,0.027575046072012888,0.0048856735
2024-10-14,574.0328979492188,0.004398256505284205,0.0,0.0,100490.62490876875,0.03194585931661981,-0.019213974
2024-10-15,569.5728759765625,0.02714621103197735,0.0,-0.0,100490.62490876875,0.0369115273043103,0.01877594
2024-10-16,572.0484008789062,-0.016729436867634652,0.0,0.0,100490.62490876875,-0.011605221892661943,-0.021121621
2024-10-17,572.0975952148438,0.06376661084883874,0.0,0.0,100490.62490876875,0.11625572690750996,0.01877594
2024-10-18,574.298095703125,0.027964188563650454,0.0,0.0,100490.62490876875,0.03868381195626869,0.01877594
2024-10-21,573.3551025390625,-0.02875275688075862,0.0,-0.0,100490.62490876875,-0.010173825087067045,-0.044677556
2024-10-22,573.0505981445312,-0.04508207775575947,0.0,-0.0,100490.62490876875,-0.08643571367942526,-0.009636104
2024-10-23,567.8142700195312,-0.0196139309302221,0.0,-0.0,100490.62490876875,-0.0644021136137885,0.01877594
2024-10-24,569.0423583984375,0.011805245472045024,0.0,0.0,100490.62490876875,0.003044833658414847,0.01931417
2024-10-25,568.8458251953125,0.08076192392458507,0.0,-0.0,100490.62490876875,0.10798983920969873,0.05742371
2024-10-28,570.6043090820312,0.05807338034896946,0.0,0.0,100490.62490876875,0.07955484983864036,0.039660692
2024-10-29,571.5278930664062,0.03773067101965209,0.0,0.0,100490.62490876875,0.09229742514869932,-0.0090408325
2024-10-30,569.798828125,-0.012607540588372006,0.0,-0.0,100490.62490876875,-0.052786435801173204,0.021831512
2024-10-31,558.6290283203125,-0.0025100616826911203,0.0,-0.0,100490.62490876875,-0.030908564838864616,0.021831512
2024-11-01,560.9866943359375,-0.05494432029829623,0.0,0.0,100490.62490876875,-0.07172546272506419,-0.040560484
2024-11-04,559.7783203125,0.06538527712945907,0.0,-0.0,100490.62490876875,0.0931745561865005,0.041565895
2024-11-05,566.5470581054688,0.05679277613076297,0.0,0.0,100490.62490876875,0.11166348796100328,0.009760737
2024-11-06,580.6345825195312,0.047774539809496946,0.0,0.0,100490.62490876875,0.07345490711826957,0.025762796
2024-11-07,585.1241455078125,-0.013711380734592542,0.0,0.0,100490.62490876875,-0.007291688036446475,-0.019213974
2024-11-08,587.6587524414062,-0.03204877847993514,0.0,0.0,100490.62490876875,-0.01731520521861618,-0.044677556
2024-11-11,588.2186279296875,-0.042105154214135104,0.0,0.0,100490.62490876875,-0.06881153057545536,-0.019213974
2024-11-12,586.3914184570312,-0.021824507979637787,0.0,-0.0,100490.62490876875,-0.024870130400711177,-0.019213974
2024-11-13,586.6763305664062,-0.030185419564230112,0.0,0.0,100490.62490876875,-0.013277927567921954,-0.044677556
2024-11-14,582.9039306640625,-0.0364545434109103,0.0,-0.0,100490.62490876875,-0.0565685405018016,-0.019213974
2024-11-15,575.4376831054688,-0.0035672711256487313,0.0,-0.0,100490.62490876875,0.02360097153313523,-0.026854336
2024-11-18,577.7954711914062,-0.0730723606264374,0.0,0.0,100490.62490876875,-0.07735099506552279,-0.06940496
2024-11-19,579.9075927734375,0.0464621836295762,0.0,0.0,100490.62490876875,0.08188773371384372,0.016097426
2024-11-20,580.10400390625,-0.0075814087693644085,0.0,0.0,100490.62490876875,-0.014387439912587119,-0.0017476678
2024-11-21,583.2183227539062,-0.00927560238812715,0.0,0.0,100490.62490876875,-0.01805819275323972,-0.0017476678
2024-11-22,585.02587890625,-0.005043690402937498,0.0,0.0,100490.62490876875,-0.008889050118662145,-0.0017476678
2024-11-25,587.0103759765625,-0.029225000781135522,0.0,0.0,100490.62490876875,-0.06128188927142453,-0.0017476678
2024-11-26,590.075439453125,-0.05848235317192074,0.0,0.0,100490.62490876875,-0.08231363621946963,-0.03805554
2024-11-27,588.2874755859375,-0.06085067489912916,0.0,-0.0,100490.62490876875,-0.07971931412686989,-0.044677556
2024-11-29,591.9419555664062,-0.01964854450974348,0.0,0.0,100490.62490876875,-0.021625035794899328,-0.01795441
2024-12-02,593.0029907226562,0.00723543419093104,0.0,0.0,100490.62490876875,-0.006228489184623376,0.01877594
2024-12-03,593.2780151367188,-0.016903528840390848,0.0,0.0,100490.62490876875,-0.05852957575248746,0.01877594
2024-12-04,596.9619140625,0.01720034505054282,0.0,0.0,100490.62490876875,0.015362151011202141,0.01877594
2024-12-05,595.9796142578125,-0.008165772583093471,0.0,-0.0,100490.62490876875,-0.006450385805315595,-0.009636104
2024-12-06,597.109375,-0.004871967916261431,0.0,0.0,100490.62490876875,-0.03246119375020706,0.01877594
2024-12-09,594.0344848632812,0.00272575738580108,0.0,-0.0,100490.62490876875,-0.015999455595738288,0.01877594
2024-12-10,592.1875610351562,-0.004904427710536213,0.0,-0.0,100490.62490876875,-0.020204666850255626,0.008210063
2024-12-11,596.7655639648438,0.03230381504733218,0.0,0.0,100490.62490876875,0.06815202111751684,0.0015767813
2024-12-12,593.6907348632812,0.04543346871764709,0.0,-0.0,100490.62490876875,0.07653391895659473,0.01877594
2024-12-13,593.5726928710938,0.034475626172067377,0.0,-0.0,100490.62490876875,0.05591685922257461,0.016097426
2024-12-16,596.1073608398438,0.03845406881608483,0.0,0.0,100490.62490876875,0.057847051241816605,0.021831512
2024-12-17,593.6513671875,0.03402802356777864,0.0,-0.0,100490.62490876875,0.06519581396228341,0.0073127747
2024-12-18,575.9584350585938,0.042155835675354934,0.0,-0.0,100490.62490876875,0.0885757038018819,0.0023673773
2024-12-19,575.7815551757812,-0.038942692264347975,0.0,-0.0,100490.62490876875,-0.039278213944300366,-0.038655102
2024-12-20,582.6973266601562,0.026013140760755307,0.0,0.0,100490.62490876875,0.04610428271652012,0.008792162
2024-12-23,586.1866455078125,0.03378873406377176,0.0,0.0,100490.62490876875,0.05959532227921421,0.011668801
2024-12-24,592.7020263671875,0.007980205955876197,0.0,0.0,100490.62490876875,0.024497164364664537,-0.006177187
2024-12-26,592.7416381835938,0.06040815853207613,0.0,0.0,100490.62490876875,0.10171992987507078,0.024998069
2024-12-27,586.5020751953125,0.004915984883807649,0.0,-0.0,100490.62490876875,-0.017044037349731866,0.023738861
2024-12-30,579.8091430664062,-0.01735310712639512,0.0,-0.0,100490.62490876875,-0.00644705439506682,-0.026701152
